Name,Email,Niche,Source URL
paradisevalley.az,paradisevalley.az@exercisecoach-usa.com,,https://exercisecoach.com/camelback-east-village
northscottsdale.az,northscottsdale.az@exercisecoach-usa.com,,https://exercisecoach.com/camelback-east-village
southtempe.az,southtempe.az@exercisecoach-usa.com,,https://exercisecoach.com/camelback-east-village
brian,brian@exercisecoach.com,,https://exercisecoach.com/camelback-east-village
gilbert.az,gilbert.az@exercisecoach-usa.com,,https://exercisecoach.com/camelback-east-village
northmesa.az,northmesa.az@exercisecoach-usa.com,,https://exercisecoach.com/camelback-east-village
scottsdale.az,scottsdale.az@exercisecoach-usa.com,,https://exercisecoach.com/camelback-east-village
camelbackeastvillage.az,camelbackeastvillage.az@exercisecoach-usa.com,,https://exercisecoach.com/camelback-east-village
arrowhead.az,arrowhead.az@exercisecoach-usa.com,,https://exercisecoach.com/camelback-east-village
2x,2x@2x.png,,https://exercisecoach.com/camelback-east-village
paradisevalley.az,paradisevalley.az@exercisecoach-usa.com,,https://exercisecoach.com/Paradise-Valley
northscottsdale.az,northscottsdale.az@exercisecoach-usa.com,,https://exercisecoach.com/Paradise-Valley
southtempe.az,southtempe.az@exercisecoach-usa.com,,https://exercisecoach.com/Paradise-Valley
brian,brian@exercisecoach.com,,https://exercisecoach.com/Paradise-Valley
gilbert.az,gilbert.az@exercisecoach-usa.com,,https://exercisecoach.com/Paradise-Valley
northmesa.az,northmesa.az@exercisecoach-usa.com,,https://exercisecoach.com/Paradise-Valley
scottsdale.az,scottsdale.az@exercisecoach-usa.com,,https://exercisecoach.com/Paradise-Valley
camelbackeastvillage.az,camelbackeastvillage.az@exercisecoach-usa.com,,https://exercisecoach.com/Paradise-Valley
arrowhead.az,arrowhead.az@exercisecoach-usa.com,,https://exercisecoach.com/Paradise-Valley
2x,2x@2x.png,,https://exercisecoach.com/Paradise-Valley
paradisevalley.az,paradisevalley.az@exercisecoach-usa.com,,https://exercisecoach.com/gilbert
northscottsdale.az,northscottsdale.az@exercisecoach-usa.com,,https://exercisecoach.com/gilbert
southtempe.az,southtempe.az@exercisecoach-usa.com,,https://exercisecoach.com/gilbert
brian,brian@exercisecoach.com,,https://exercisecoach.com/gilbert
gilbert.az,gilbert.az@exercisecoach-usa.com,,https://exercisecoach.com/gilbert
northmesa.az,northmesa.az@exercisecoach-usa.com,,https://exercisecoach.com/gilbert
scottsdale.az,scottsdale.az@exercisecoach-usa.com,,https://exercisecoach.com/gilbert
camelbackeastvillage.az,camelbackeastvillage.az@exercisecoach-usa.com,,https://exercisecoach.com/gilbert
arrowhead.az,arrowhead.az@exercisecoach-usa.com,,https://exercisecoach.com/gilbert
2x,2x@2x.png,,https://exercisecoach.com/gilbert
paradisevalley.az,paradisevalley.az@exercisecoach-usa.com,,https://exercisecoach.com/arrowhead
northscottsdale.az,northscottsdale.az@exercisecoach-usa.com,,https://exercisecoach.com/arrowhead
southtempe.az,southtempe.az@exercisecoach-usa.com,,https://exercisecoach.com/arrowhead
brian,brian@exercisecoach.com,,https://exercisecoach.com/arrowhead
gilbert.az,gilbert.az@exercisecoach-usa.com,,https://exercisecoach.com/arrowhead
northmesa.az,northmesa.az@exercisecoach-usa.com,,https://exercisecoach.com/arrowhead
scottsdale.az,scottsdale.az@exercisecoach-usa.com,,https://exercisecoach.com/arrowhead
camelbackeastvillage.az,camelbackeastvillage.az@exercisecoach-usa.com,,https://exercisecoach.com/arrowhead
arrowhead.az,arrowhead.az@exercisecoach-usa.com,,https://exercisecoach.com/arrowhead
2x,2x@2x.png,,https://exercisecoach.com/arrowhead
